
SQL> SELECT FACULTYNAME FROM FACULTY WHERE DEPTCODE =  'CSE';
SELECT COUNT(*) FROM FACULTY WHERE DEPTCODE= 'CA';
SELECT DEPTCODE ,HOD FROM DEPARTMENT;
FACULTYNAME
---------------
ANANYA MAM
PHULTUL MAM

SQL> 
  COUNT(*)
----------
	 0

SQL> update FACULTY set SALARY= 50000.50;
SELECT FACULTYNAME FROM FACULTY WHERE SALARY >=8000;
SELECT FACULTYNAME FROM FACULTY WHERE DATEOFJOIN LIKE '%-08-%';
SELECT DEPTCODE ,HOD FROM DEPARTMENT;update FACULTY set SALARY= 50000.50
                                    *
ERROR at line 1:
ORA-00911: invalid character


SQL> 
FACULTYNAME
---------------
ANANYA MAM
IVY MAM
PHULTUL MAM
KKS MAM
PAPRI MAM
DCD MAM

6 rows selected.

SQL> 
FACULTYNAME
---------------
IVY MAM
PHULTUL MAM

SQL> SELECT FACULTYNAME, DEPTNAME FROM DEPARTMENT D INNER JOIN FACULTY F ON D.DEPTCODE=F.DEPTCODE  WHERE F.SALARY BETWEEN 6000 AND 120000;

FACULTYNAME	DEPTNAME
--------------- ---------------
ANANYA MAM	COMPUTER
IVY MAM 	INFOTECH
PHULTUL MAM	COMPUTER
KKS MAM 	MATHS
PAPRI MAM	ELECTRONIC
DCD MAM 	HUMANITIES

6 rows selected.

